Title,Abstract,Authors,Processed_Abstract,Processed_Title
Un coup de maître : ce génie candidate automatiquement à 1300 emplois grâce à l’IA,Une utilisation bluffante de cette technologie.,Jean-Yves Alric,une utilisation bluffante de cette technologie,un coup de maîtr ce génie candid automatiqu à 1300 emploi grâce à l ia
Le nombre de vidéos en français sur YouTube va exploser grâce à cette technologie,"Google déploie une technologie de doublage automatique qui peut rendre les vidéos YouTube anglaises disponibles en français, et vice-versa. Cela peut aider les créateurs à étendre leur communauté, tout en permettant aux utilisateurs de la plateforme de profit…",Setra,google déploie une technologie de doublage automatique qui peut rendre le vidéos youtube anglaises disponibles en français et cela peut aider le créateurs à étendre leur communauté tout en permettant aux utilisateurs de la plateforme de,le nombr de vidéo en françai sur youtub va explos grâce à cett technologi
L’IA va changer la façon dont vous lisez des livres d’après cet expert majeur,Le spécialiste a expliqué en quoi la technologie peut bousculer nos habitudes.,Jean-Yves Alric,le spécialiste expliqué en quoi la technologie peut bousculer no habitude,l ia va changer la façon dont vou lisez de livr aprè cet expert majeur
« Une batterie éternelle » : des scientifiques découvrent une technologie qui pourrait tout changer,"Afin de construire des batteries toujours plus endurantes, des chercheurs ont eu l'idée d'utiliser des diamants. Les résultats sont impressionnants.",Tristan Carballeda,afin de construire de battery toujours plus endurantes de chercheurs ont eu de diamants le résultats sont impressionnants,une batteri éternel de scientifiqu découvrent une technologi qui pourrait tout changer
Galaxy S25 : Samsung réinvente son assistant avec cette technologie,"Longtemps oublié, Bixby, l'assistant personnel de Samsung, fait son retour par la grande porte avec des fonctionnalités plus intelligentes. À chaque",Arthur Rafié,longtemps oublié bixby personnel de samsung fait son retour par la grande porte avec de fonctionnalités plus intelligentes à chaque,galaxi s25 samsung réinvent son assist avec cett technologi
"De l’entrée de gamme au monstre de puissance, voici 3 configurations PC idéales pour fin 2024 !","Dans un monde où la technologie évolue à un rythme effréné, choisir la configuration PC idéale peut s'avérer être un véritable défi.",Gregori Pujol,dans un monde où la technologie évolue à un rythme effréné choisir la configuration pc idéale peut être un véritable défi,de l entré de gamm au monstr de puissanc voici 3 configur pc idéal pour fin 2024
«Reconnecter la technologie aux communautés vivantes»,"Il est possible, si l’on ne veut pas abandonner l’avenir du numérique aux Big Tech, de s’engager dans des voies alternatives plus collectives et moins marchandes.",Benjamin Leclercq,il est possible si l ne veut pa abandonner l avenir du numérique aux big tech de engager dans de voies alternative plus collective et moins marchandes,reconnect la technologi aux communauté vivant
Une nouvelle génération de processeurs arrive en 2025 : “la technologie la plus avancée dans l’industrie des semi-conducteurs”,"TSMC publie de nouvelles informations sur les puces N2, une nouvelle génération de processeurs qui va révolutionner les performances sur les smartphones et certains PC. D’après celle-ci, ses clients sont déjà en train de valider leurs puces basées sur cette n…",Setra,tsmc publie de nouvelles information sur le puce n2 une nouvelle génération de processeurs qui va révolutionner le performance sur le smartphones et certains pc après s client sont déjà en train de valider leurs puce basées sur cette,une nouvel génération de processeur arriv en 2025 la technologi la plu avancé dan l industri de
Ces ingénieurs viennent d’humaniser les robots en leur donnant le sens du toucher,"Une équipe de chercheurs vient de dévoiler SonicSense, une technologie permettant aux robots d'interpréter leur environnement par les vibrations acoustiques.",Camille Coirault,une équipe de chercheurs vient de dévoiler sonicsense une technologie permettant aux robot leur environnement par le vibration acoustiques,ce ingénieur viennent humanis le robot en leur donnant le sen du toucher
"Starlink dans votre smartphone, ce sera bientôt possible","C’est officiel : les autorités américaines ont donné leur feu vert à SpaceX pour connecter directement les smartphones au réseau Starlink. En partenariat avec T-Mobile, cette nouvelle technologie apportera du signal dans les endroits les plus reculés.",Olivier,c est officiel le autorités américaines ont donné leur feu vert à spacex pour connecter directement le smartphones au réseau starlink en partenariat avec cette nouvelle technologie apportera du signal dans le endroits le plus reculés,starlink dan votr smartphon ce sera bientôt possibl
Piratage massif aux États-Unis : le FBI recommande les messageries chiffrées,"Une vaste cyberattaque menée par des pirates chinois cible les infrastructures télécoms américaines, poussant le FBI à conseiller l’utilisation de messageries chiffrées. Une posture surprenante pour une agence qui milite souvent contre cette technologie.",Olivier,une vaste cyberattaque menée par de pirate chinois cible le infrastructure télécoms américaines poussant le fbi à conseiller l utilisation de messageries chiffrées une posture surprenante pour une agence qui milite souvent contre cette technologie,piratag massif aux le fbi recommand le messageri chiffré
Test des Pixel Buds Pro 2 : l’IA de Google peut-elle transformer ces écouteurs true wireless en référence ?,"Avec l’intégration de la puce Tensor A1 et de la technologie Gemini, Google mise sur l’intelligence artificielle pour propulser la seconde génération de ses écouteurs premium. Mais cela suffit-il à respecter l’essentiel ?",Jean-Sébastien Zanchi,avec l intégration de la puce tensor a1 et de la technologie gemini google mise sur l intelligence artificielle pour propulser la seconde génération de s écouteurs premium mais cela à respecter l essentiel,test de pixel bud pro 2 l ia de googl transform ce écouteur true wireless en référenc
OpenAI s’allie à Anduril pour développer une IA militaire,"Comme de nombreux grands noms de l'IA, l'entreprise de Sam Altman continue sa percée dans ce domaine qu'elle s'engageait autrefois à rejeter.",Antoine Gautherie,comme de nombreux grand noms de de sam altman continue sa percée dans ce domaine autrefois à rejeter,openai alli à anduril pour développ une ia militair
Razer X Interhaptics : cette société lilloise est en train de révolutionner le monde,"Dans les locaux d’Interhaptics à Lille, une équipe de passionnés redéfinit notre façon d’interagir avec la technologie. Portrait d’une success-story à la française qui dépasse le cadre du gaming.",Robin Sabbadini,dans le locaux interhaptics à lille une équipe de passionnés redéfinit notre façon interagir avec la technologie portrait une à la française qui dépasse le cadre du gaming,razer x interhapt cett société lillois est en train de révolutionn le mond
Tesla et Rivian trouvent un accord après 4 ans de bataille juridique,Le conflit opposant les deux géants de la voiture électrique touche à sa fin. Tesla et Rivian ont annoncé un accord pour clore leur différend sur le présumé vol de technologie de batteries.,Robin Sabbadini,le conflit opposant le deux géants de la voiture électrique touche à sa fin tesla et rivian ont annoncé un accord pour clore leur différend sur le présumé vol de technologie de battery,tesla et rivian trouvent un accord aprè 4 an de batail juridiqu
LG dévoile sa nouvelle gamme QNED 2025 : technologie sans fil sans délai et jusqu’à 100 pouces,"Bien en amont du CES 2025, une partie de la nouvelle gamme de téléviseurs QNED evo 2025 de LG Electronics vient d’être officiellement dévoilée. Elle intègre des innovations majeures, notamment une technologie d'affichage sans fil, sans délai, des capacités d'…",Sylvain Pichot,bien en amont du ce 2025 une partie de la nouvelle gamme de téléviseurs qned evo 2025 de lg electronics vient être officiellement dévoilée elle intègre de innovation majeures notamment une technologie sans fil sans délai de capacités,lg dévoil sa nouvel gamm qned 2025 technologi san fil san délai et jusqu à 100 pouc
Voiture électrique : le fournisseur de Tesla annonce l’arrivée de batteries beaucoup moins chères,"Les voitures électriques abordables ne sont peut-être plus un rêve lointain. CATL, le plus grand fabricant mondial de batteries et fournisseur privilégié de Tesla, annonce une innovation majeure dans le domaine des batteries sodium.",Robin Sabbadini,le voitures électriques abordables ne sont plus un rêve lointain catl le plus grand fabricant mondial de battery et fournisseur privilégié de tesla annonce une innovation majeure dans le domaine de battery sodium,voitur électriqu le fournisseur de tesla annonc l arrivé de batteri beaucoup moin chère
1 000 km d’autonomie en voiture électrique : cette nouvelle technologie de batterie promet du lourd,"Les fabricants de batteries explorent plusieurs pistes pour ""l'après"" LFP (les batteries sans cobalt), en mettant l'accent notamment sur une meilleure densité énergétique et un poids plus contenu. Une récente étude révèle que les accumulateurs avec une anode …",Yann Lethuillier,le fabricants de battery explorent plusieurs piste pour lfp le battery sans cobalt en mettant notamment sur une meilleure densité énergétique et un poids plus contenu une récente étude révèle que le accumulateurs avec une anode,1 000 km autonomi en voitur électriqu cett nouvel technologi de batteri promet du lourd
Cette voiture électrique chinoise reprend la meilleure technologie du Cybertruck avec un volant révolutionnaire,"La Nio ET9, porte-étendard de la marque chinoise, continue de livrer ses secrets. Après avoir dévoilé sa charge ultra rapide ou sa suspension révolutionnaire, Nio vient de présenter son système de direction sans fil, baptisé ""steer-by-wire"", déjà présent sur …",Jean-Baptiste Passieux,la nio et9 de la marque chinoise continue de livrer s secret après avoir dévoilé sa charge ultra rapide ou sa suspension révolutionnaire nio vient de présenter son système de direction sans fil baptisé déjà présent sur,cett voitur électriqu chinois reprend la meilleur technologi du cybertruck avec un volant révolutionnair
"Les prochaines Apple Watch adopteraient enfin cette technologie, cinq ans après l’iPhone",Apple déciderait de passer enfin ses Apple Watch de la 4G à la 5G avec un nouveau modèle prévu pour intégrer ses montres connectées en 2025 L'Apple Watch,Geoffroy Husson,apple déciderait de passer enfin s apple watch de la 4g à la 5g avec un nouveau modèle prévu pour intégrer s montres connectées en 2025 watch,le prochain appl watch adopterai enfin cett technologi cinq an aprè l iphon
Apple préparerait déjà la prochaine révolution pour les écrans de MacBook,"Après avoir lancé son premier iPad Pro avec écran OLED en 2024, Apple préparerait l’arrivée des premiers MacBook OLED. D’après une récente publication de Trendforce, les MacBook OLED arriveraient entre 2026 et 2027, mais Apple aurait déjà demandé à ses fourni…",Setra,après avoir lancé son premier ipad pro avec écran oled en 2024 apple préparerait l arrivée de premier macbook oled après une récente publication de trendforce le macbook oled arriveraient entre 2026 et 2027 mais apple aurait déjà demandé à s,appl préparerait déjà la prochain révolut pour le écran de macbook
Un futur sans clics ni touches : cette IA redéfinit la façon dont on utilise les ordinateurs,"Dans un avenir proche, on pourra demander à une intelligence artificielle de réaliser des tâches sur notre PC, sans toucher aux claviers et à la souris. En s’appuyant sur une nouveauté d’Anthropic, la startup Hume AI donne un aperçu de ce qui sera possible.",Setra,dans un avenir proche pourra demander à une intelligence artificielle de réaliser de tâches sur notre pc sans toucher aux clavier et à la souris en appuyant sur une nouveauté anthropic la startup hume ai donne un aperçu de ce qui serum possible,un futur san clic ni touch cett ia redéfinit la façon dont utilis le ordinateur
Dossier : L'intelligence artificielle : une révolution technologique aux lourdes conséquences environnementales,L'intelligence artificielle consomme des quantités astronomiques d'électricité. Voici un panorama de l'impact environnemental actuel et prévisionnel de cette technologie.,Florent Lanne,artificielle consomme de quantités astronomiques voici un panorama de environnemental actuel et prévisionnel de cette technologie,dossier artificiel une révolut technologiqu aux lourd conséquenc environnemental
Samsung a déjà planché sur une batterie pliable pour ses futurs smartphones,"Un brevet Samsung décrit une batterie pliable qui permettrait d’optimiser la gestion de l’espace et l’autonomie des smartphones pliants. Mais pour le moment, rien ne garantit que Samsung va développer cette technologie.",Setra,un brevet samsung décrit une batterie pliable qui permettrait optimiser la gestion de l espace et l autonomie de smartphones pliants mais pour le moment rien ne garantit que samsung va développer cette technologie,samsung déjà planché sur une batteri pliabl pour se futur smartphon
HAMR - Seagate dévoile son disque dur de 32 To,"Vous aussi, vous pensiez que nos bons vieux disques durs appartenaient au passé et que, maintenant, seuls comptaient les mémoires flash ? Et bien détrompez-vous car le marché du stockage haute capacité n’a pas dit son dernier mot. La preuve avec Seagate qui v…",Korben,vous aussi vous pensiez que no bons vieux disques durs appartenaient au passé et que maintenant seuls comptaient le mémoires flash et bien car le marché du stockage haute capacité n pa dit son dernier mot la preuve avec seagate qui,hamr seagat dévoil son disqu dur de 32
"Genre, âge, handicap… L’IA renforce-t-elle les inégalités au travail ?",L’accès aux formations à l’IA varie drastiquement selon les catégories de personnes. Et c’est un gros problème.,Mathilde Rochefort,l accès aux formation à l ia varie drastiquement selon le catégories de personnes et c est un gros problème,genr âge l ia le inégalité au travail
Et si la navigation quantique remplaçait nos bons vieux GPS ?,"Le GPS pourrait bien devenir un outil du passé. Face aux limites des satellites, notamment en cas de brouillage ou en milieu hostile, l’armée américaine mise sur la navigation quantique. Une technologie qui pourrait bientôt guider avions, navires… et peut-êtr…",Olivier,le gps pourrait bien devenir un outil du passé face aux limites de satellite notamment en ca de brouillage ou en milieu hostile l armée américaine mise sur la navigation quantique une technologie qui pourrait bientôt guider avions et,et si la navig quantiqu remplaçait no bon vieux gp
MAX OLED : des écrans OLED plus grands à moindre coût,"Applied Materials vient de lever le voile sur sa plateforme MAX OLED, qui pourrait bien changer la donne dans l’industrie des écrans. En simplifiant la fabrication et en abaissant les coûts, cette technologie pourrait étendre l’usage de l'OLED bien au-delà de…",Olivier,applied material vient de lever le voile sur sa plateforme max oled qui pourrait bien changer la donne dans l industrie de écrans en simplifiant la fabrication et en abaissant le coûts cette technologie pourrait étendre l usage de bien,max ole de écran ole plu grand à moindr coût
La police utilise un hologramme de la victime pour relancer un Cold Case,"Quinze ans après le meurtre brutal de Bernadett « Betty » Szabó dans le quartier rouge d’Amsterdam, la police néerlandaise mise sur une technologie inédite pour raviver les souvenirs des témoins. Un hologramme grandeur nature de la jeune Hongroise, tuée en 20…",Olivier,quinze an après le meurtre brutal de bernadett betty szabó dans le quartier rouge amsterdam la police néerlandaise mise sur une technologie inédite pour raviver le souvenir de témoins un hologramme grandeur nature de la jeune hongroise tuée en,la polic utilis un hologramm de la victim pour relanc un cold case
Le Dolby Atmos a un nouveau rival,"L'entreprise britannique Audioscenic vient d’annoncer le développement d'Amphi Hi-D, une technologie de son spatial multicanal qui promet de transformer l'expérience audio des utilisateurs sans nécessiter de casque et qui compte bien rivaliser avec l’omniprés…",Sylvain Pichot,britannique audioscenic vient annoncer le développement une technologie de son spatial multicanal qui promet de transformer audio de utilisateurs sans nécessiter de casque et qui compte bien rivaliser avec l,le dolbi atmo un nouveau rival
Un capot qui a du ressort : Volkswagen booste la sécurité des piétons,"La sécurité des piétons reste une priorité pour les constructeurs automobiles. Volkswagen a dévoilé un système de « capot actif » sur l’ID.7, une nouveauté pour réduire les blessures lors d’un éventuel impact avec un piéton.",Olivier,la sécurité de piétons reste une priorité pour le constructeurs automobile volkswagen dévoilé un système de capot actif sur l une nouveauté pour réduire le blessures lors un éventuel impact avec un piéton,un capot qui du ressort volkswagen boost la sécurité de piéton
Apple préparerait une version “LLM” de Siri pour 2026 : qu’est-ce que ça change ?,"Siri préparerait une version améliorée de Siri, qui serait plus proche de ChatGPT et de Gemini. La marque à la pomme pourrait présenter cette nouveauté en 2025, puis lancer celle-ci au printemps 2026.",Setra,siri préparerait une version améliorée de siri qui serait plus proche de chatgpt et de gemini la marque à la pomme pourrait présenter cette nouveauté en 2025 puis lancer au printemps 2026,appl préparerait une version llm de siri pour 2026 qu que ça chang
Actualité : Tencent se lance sur le marché des consoles PC portable avec une technologie inspirée par Nintendo,"Tencent vient de lever le voile sur la Sunday Dragon 3D One, développée en partenariat avec Intel. Comme la 3DS avant elle, cette ""console-portable-PC-gamer"" serait capable de donner l'illusion de la 3D sans aucun besoin de lunettes adaptées.",Henry Grimaud,tencent vient de lever le voile sur la sunday dragon 3d one développée en partenariat avec intel comme la 3d avant elle cette serait capable de donner de la 3d sans aucun besoin de lunette adaptées,actualité tencent se lanc sur le marché de consol pc portabl avec une technologi inspiré par nintendo
Google révolutionne l’informatique quantique avec sa puce Willow,"Google vient de franchir une étape historique dans l'informatique quantique avec sa nouvelle puce Willow, qui représente une avancée majeure dans deux domaines critiques.",Gregori Pujol,google vient de franchir une étape historique dans quantique avec sa nouvelle puce willow qui représente une avancée majeure dans deux domaines critique,googl révolutionn l informatiqu quantiqu avec sa puce willow
Volkswagen veut améliorer la sécurité des piétons avec cette idée atypique pour ses voitures,"La sécurité des piétons reste une priorité pour les constructeurs automobiles. Volkswagen a dévoilé un système de « capot actif » sur l’ID.7, une nouveauté pour réduire les blessures lors d’un éventuel impact avec un piéton.",Olivier,la sécurité de piétons reste une priorité pour le constructeurs automobile volkswagen dévoilé un système de capot actif sur l une nouveauté pour réduire le blessures lors un éventuel impact avec un piéton,volkswagen veut amélior la sécurité de piéton avec cett idé atypiqu pour se voitur
"Le prix des brosses à dents sonique de Oclean est en forte baisse, attention stock limité !",Révolutionnez votre hygiène dentaire avec les brosses à dents électriques Oclean à prix canon pour Black Friday !,Partenaire,révolutionnez votre hygiène dentaire avec le brosses à dent électriques oclean à prix canon pour black friday,le prix de bross à dent soniqu de oclean est en fort baiss attent stock limité
The Premiere de Samsung devient le premier projecteur certifié 8K,"The Premiere 8K, que Samsung présentait pour la première fois au CES 2024, vient d'obtenir la certification 8KA de la part de l'association du même nom.",Jason Filankembo,premiere 8k que samsung présentait pour la première fois au ce 2024 vient la certification 8ka de la part de du même nom,premier de samsung devient le premier projecteur certifié 8k
Fugatto - L'IA qui transforme n'importe quel son à la demande,"Les magiciens de chez NVIDIA viennent de dévoiler une technologie qui va faire trembler le monde de l’audio. Son petit nom ? Fugatto, un modèle d’intelligence artificielle qui transforme littéralement n’importe quel son sur simple demande textuelle.
Cette IA …",Korben,le magiciens de chez nvidia viennent de dévoiler une technologie qui va faire trembler le monde de l audio son petit nom fugatto un modèle intelligence artificielle qui transforme littéralement n importe quel son sur simple demande textuelle cette ia,fugatto qui transform quel son à la demand
Neuralink veut révolutionner la santé avec des bras robotisés contrôlés par la pensée,"Neuralink, l’entreprise de neurotechnologie d’Elon Musk, lance une nouvelle phase d’expérimentation prometteuse.",Robin Sabbadini,neuralink l entreprise de neurotechnologie elon musk lance une nouvelle phase expérimentation prometteuse,neuralink veut révolutionn la santé avec de bra robotisé contrôlé par la pensé
"Tout savoir sur “Gauss2”, la nouvelle IA développée par Samsung","Samsung vient de présenter Gauss2, une nouvelle version de son concurrent de ChatGPT. Celui-ci est déjà utilisé en interne pour augmenter la productivité de Samsung, et la marque coréenne a toujours l’intention de proposer cette technologie à ses clients. Par…",Setra,samsung vient de présenter gauss2 une nouvelle version de son concurrent de chatgpt est déjà utilisé en interne pour augmenter la productivité de samsung et la marque coréenne toujours l intention de proposer cette technologie à s client,tout savoir sur gauss2 la nouvel ia développé par samsung
Apple aurait franchi un pas de plus vers l’iPhone pliable,Apple aurait débuté le “processus de développement officiel” de son futur iPhone pliable.,Setra,apple aurait débuté le processus de développement officiel de son futur iphone pliable,appl aurait franchi un pa de plu ver l iphon pliabl
"En 2010 il fallait payer 10 000 Bitcoins pour une pizza, il vient maintenant de dépasser les 100 000 dollars",Le Bitcoin vient de franchir un cap historique en dépassant les 100 000 dollars. Un moment symbolique qui nous rappelle le chemin parcouru depuis la première transaction « réelle » en Bitcoin : l’achat de deux pizzas pour 10 000 BTC en 2010.,Robin Sabbadini,le bitcoin vient de franchir un cap historique en dépassant le 100 000 dollar un moment symbolique qui nous rappelle le chemin parcouru depuis la première transaction réelle en bitcoin l achat de deux pizza pour 10 000 btc en 2010,en 2010 il fallait payer 10 000 bitcoin pour une pizza il vient mainten de dépasser le 100 000 dollar
Cyclone Chido à Mayotte : la technologie spatiale du Cnes au service des secours,"Le Centre national d’études spatiales a activé ce lundi 16 décembre le Copernicus Emergency Management Service, dispositif permettant de mobiliser les images satellites pour l’aide humanitaire sur l’archipel dévasté.",Samuel Ravier-Regnat,le centre national études spatiales activé ce lundi 16 décembre le copernicus emergency management service dispositif permettant de mobiliser le image satellite pour l aide humanitaire sur l archipel dévasté,cyclon chido à mayott la technologi spatial du cne au servic de secour
Voici pourquoi vous prenez un risque quand vous échangez un texto RCS entre iPhone et Android,"Dans un communiqué, Samsung se réjouit de l’adoption du protocole RCS par l’iPhone, mais il rappelle que le chiffrement qui sécurise les discussions n’est disponible que pour les textos entre smartphones Android.",Setra,dans un communiqué samsung se réjouit de l adoption du protocole rcs par l iphone mais il rappelle que le chiffrement qui sécurise le discussion n est disponible que pour le textos entre smartphones android,voici pourquoi vou prenez un risqu quand vou échangez un texto rc entr iphon et android
Actualité : Galaxy S25 Plus : des images du smartphone apparaissent avec un détail intriguant,"La sortie du Galaxy S25 se rapproche alors forcément, les fuites se multiplient. Aujourd’hui, de nouvelles images de la version Plus apparaissent.",Nassim Chentouf,la sortie du galaxy s25 se rapproche alors forcément le fuites se multiplient aujourd hui de nouvelles image de la version plus apparaissent,actualité galaxi s25 plu de imag du smartphon apparaiss avec un détail intrigu
Actualité : Shoei et Eyelights présentent un casque moto qui va révolutionner la sécurité,"Shoei a profité de l’EICMA 2024 pour présenter le fruit de son partenariat avec Eyelights, une entreprise française spécialisé dans l’affichage tête haute pour moto.","Nicolas Luciu, Jérémy Fdida",shoei profité de l eicma 2024 pour présenter le fruit de son partenariat avec eyelights une entreprise française spécialisé dans l affichage tête haute pour moto,actualité shoei et eyelight présentent un casqu moto qui va révolutionn la sécurité
Actualité : iPhone 17 Pro et Pro Max : Apple aurait du nouveau pour l’écran,"L’écran des iPhone 17 Pro et 17 Pro Max vient de faire parler de lui. D’après une récente rumeur, Apple opterait pour une nouvelle technologie de dalle aux multiples avantages, notamment du côté de la consommation énergétique.",Alexandre Scotti,l écran de iphone 17 pro et 17 pro max vient de faire parler de lui après une récente rumeur apple opterait pour une nouvelle technologie de dalle aux multiple avantages notamment du côté de la consommation énergétique,actualité iphon 17 pro et pro max appl aurait du nouveau pour l écran
"Actualité : Charge SuperSonic, capacité accrue : Realme veut redéfinir l’avenir des batteries de smartphones","Les utilisateurs de smartphones chinois bénéficient souvent d'innovations étonnantes que leurs concurrents tardent à intégrer. Entre charge ultra-rapide et batteries de grande capacité, certains constructeurs comme Realme tentent de repousser les limites de l…",Julien Vercoutère,le utilisateurs de smartphones chinois bénéficient souvent étonnantes que leurs concurrents tardent à intégrer entre charge et battery de grande capacité certains constructeurs comme realme tentent de repousser le limites de,actualité charg superson capacité accru realm veut redéfinir l avenir de batteri de smartphon
"Dans le rush du Black Friday, Amazon oublie sa marge sur cette TV 4K Philips 55″ ","Vous souhaitez vous équiper d'une nouvelle TV, mais vous n'avez pas un gros budget à y consacrer ? Amazon propose justement une remise CHOC sur ce téléviseur 4K Philips de 50 pouces, qui passe à un prix on ne peut plus abordable.",Journal du Geek,vous souhaitez vous équiper nouvelle tv mais vous pa un gros budget à consacrer amazon propose justement une remise choc sur ce téléviseur 4k philip de 50 pouces qui passe à un prix ne peut plus abordable,dan le rush du black friday amazon oubli sa marg sur cett tv 4k philip
Live de Noël : à vous l’aspirateur de vos rêves ECOVACS !,"À l’occasion de notre Live spécial Noël, on a décidé de vous offrir de quoi vous simplifier le quotidien avec ECOVACS.",Partenaire,à l occasion de notre live spécial noël décidé de vous offrir de quoi vous simplifier le quotidien avec ecovacs,live de noël à vou l aspirateur de vo rêve ecovac
"À J-12 de Noël, ce téléviseur Philips 4K Ambilight de 65″ est proposé à un prix vraiment avantageux","Grâce à une généreuse remise concédée par Amazon, la TV 4K Philips PUS8109 de 65 pouces avec Ambilight devient bien plus avantageuse. C'est l'occasion rêvée de s'offrir un nouveau téléviseur, ou de faire plaisir à vos proches pour Noël.",Journal du Geek,grâce à une généreuse remise concédée par amazon la tv 4k philip pus8109 de 65 pouces avec ambilight devient bien plus avantageuse rêvée de un nouveau téléviseur ou de faire plaisir à vos proches pour noël,à de noël ce téléviseur philip 4k ambilight de est proposé à un prix vraiment avantageux
Les passkeys - La meilleure méthode de connexion (sans mot de passe),"Adieu les mots de passe compliqués à retenir, bonjour les passkeys ! Cette technologie nouvelle est en train de modifier radicalement la façon dont nous nous connectons à nos comptes en ligne. Alors que la gestion des mots de passe devient de plus en plus con…",Korben,adieu le mot de passe compliqués à retenir bonjour le passkey cette technologie nouvelle est en train de modifier radicalement la façon dont nous nous connectons à no comptes en ligne alors que la gestion de mot de passe devient de plus en plus,le passkey la meilleur méthode de connexion san mot de pass
“Make games great again” : Elon Musk veut lancer son propre studio de jeux vidéo,"Elon Musk annonce la création d’un studio de jeux vidéo qui s’appuiera sur l’intelligence artificielle au sein de son laboratoire d’IA xAI. Lancé en 2023, xAI est un concurrent d’OpenAI qui a déjà développé une technologie baptisée Grok pour rivaliser avec ce…",Setra,elon musk annonce la création un studio de jeux vidéo qui appuiera sur l intelligence artificielle au sein de son laboratoire ia xai lancé en 2023 xai est un concurrent openai qui déjà développé une technologie baptisée grok pour rivaliser avec,make game great elon musk veut lancer son propr studio de jeux vidéo
Black Friday Samsung : cet écran PC gaming Odyssey OLED est à -40% sur Amazon ,"L'écran PC Gaming Odyssey OLED G6 est vraiment le must pour jouer. Pour le Black Friday, Amazon lui applique une remise ultra généreuse de -40%. Il faut cependant vous dépêcher car le stock est déjà presque épuisé.",Journal du Geek,pc gaming odyssey oled g6 est vraiment le must pour jouer pour le black friday amazon lui applique une remise ultra généreuse de il faut cependant vous dépêcher car le stock est déjà presque épuisé,black friday samsung cet écran pc game odyssey ole est à sur amazon
Pourquoi Free vient d’être condamné pour publicité trompeuse ?,L’opérateur fait les frais de poursuites datant de 2021.,Jean-Yves Alric,l opérateur fait le frais de poursuites datant de 2021,pourquoi free vient être condamné pour publicité trompeus
"En 2010 il fallait payer 10 000 BTC pour une pizza, le Bitcoin vient maintenant de dépasser les 100 000 dollars",Le Bitcoin vient de franchir un cap historique en dépassant les 100 000 dollars. Un moment symbolique qui nous rappelle le chemin parcouru depuis la première transaction « réelle » en Bitcoin : l’achat de deux pizzas pour 10 000 BTC en 2010.,Robin Sabbadini,le bitcoin vient de franchir un cap historique en dépassant le 100 000 dollar un moment symbolique qui nous rappelle le chemin parcouru depuis la première transaction réelle en bitcoin l achat de deux pizza pour 10 000 btc en 2010,en 2010 il fallait payer 10 000 btc pour une pizza le bitcoin vient mainten de dépasser le 100 000 dollar
Galaxy S25 : Samsung prendrait enfin en charge la norme sans fil Qi2,"La future série Samsung Galaxy S25 s'annonce plus intéressante que prévu. Selon le leaker réputé Ice Universe, ces smartphones pourraient intégrer la technologie de charge sans fil Qi2, marquant potentiellement un tournant majeur pour l'écosystème Android.",William Zimmer,la future série samsung galaxy s25 plus intéressante que prévu selon le leaker réputé ice universe ce smartphones pourraient intégrer la technologie de charge sans fil qi2 marquant potentiellement un tournant majeur pour android,galaxi s25 samsung prendrait enfin en charg la norm san fil qi2
nubia Z70 Ultra : le nouveau flagship killer ?,"Le monde des smartphones est en constante évolution, mais rares sont les appareils qui parviennent véritablement à redéfinir les standards de l'industrie. Pourtant le nubia Z70 Ultra semble bien parti pour faire parler de lui dans les prochaines semaines.",Gregori Pujol,le monde de smartphones est en constante évolution mais rares sont le appareils qui parviennent véritablement à redéfinir le standard de pourtant le nubia z70 ultra semble bien parti pour faire parler de lui dans le prochaines semaines,nubia z70 ultra le nouveau flagship killer
Android 16 intègre enfin le partage audio par Bluetooth Auracast,"La dernière version d'Android, actuellement en phase de développement, apporte une fonctionnalité attendue : le partage audio multiple via la technologie Auracast. Cette dernière permet de diffuser simultanément du contenu audio vers plusieurs appareils Bluet…",Sylvain Pichot,la dernière version actuellement en phase de développement apporte une fonctionnalité attendue le partage audio multiple via la technologie auracast cette dernière permet de diffuser simultanément du contenu audio vers plusieurs appareils,android 16 intègr enfin le partag audio par bluetooth auracast
« Une requête sur ChatGPT demande 10 fois plus d’énergie qu’une recherche sur Google » : l’impact énergétique de l’IA au cœur des débats,"Véritable révolution industrielle et technologie, l'essor de l'intelligence artificielle soulève des questions en termes d’impact environnemental. Un congrès à Paris, organisé par l'Agence internationale de l'énergie, réunit industriels et politiques pour exp…",Arthur Rafié,véritable révolution industrielle et technologie de artificielle soulève de question en termes impact environnemental un congrès à paris organisé par internationale de réunit industriels et politiques pour,une requêt sur chatgpt demand 10 foi plu énergi qu une recherch sur googl l impact énergétiqu de l ia au cœur de débat
Le rétrogaming à l’honneur avec cette console de poche Anbernic RG35XXSP à petit prix pour la Black Friday Week,"L'Anbernic RG35XXSP est une console rétro qui n'est pas sans rappeler une certaine Game Boy Advance SP, permettant de jouer à d'anciens jeux avec la technologie moderne et surtout un prix inférieur à 50 euros.",Benjamin Barois,rg35xxsp est une console rétro qui pa sans rappeler une certaine game boy advance sp permettant de jouer à jeux avec la technologie moderne et surtout un prix inférieur à 50 euro,le rétrogam à l honneur avec cett consol de poch anbern rg35xxsp à petit prix pour la black friday week
Les Nvidia RTX 5000 proposeront un “rendu neuronal” pour révolutionner le rendu 3D des jeux selon ce partenaire,"Une récente fuite sur les prochains GPU Nvidia promet une petite ""révolution"" avec l'arrivée du ""rendu neuronal"", une mystérieuse technologie qui sera annoncée en janvier prochain par la firme.",Hugo Clery,une récente fuite sur le prochains gpu nvidia promet une petite révolution avec du rendu neuronal une mystérieuse technologie qui serum annoncée en janvier prochain par la firme,le nvidia rtx 5000 proposeront un rendu neuron pour révolutionn le rendu 3d de jeux selon ce partenair
"Cyber Monday : la manette PS5 DualSense de nouveau à son plus bas prix, mais uniquement aujourd’hui ","La manette sans-fil DualSense pour PS5 est victime des promos folles de Cyber Monday. Rakuten n'hésite pas à casser son prix, si bien qu'il tombe à un niveau encore jamais vu auparavant.",Journal du Geek,la manette dualsense pour ps5 est victime de promos folles de cyber monday rakuten pa à casser son prix si bien tombe à un niveau encore jamais vu auparavant,cyber monday la manett ps5 dualsens de nouveau à son plu ba prix mai uniqu aujourd hui
Une batterie au diamant qui pourrait durer des millénaires,"Et si vos appareils fonctionnaient pendant des milliers d’années sans recharge ? C’est l’idée derrière la batterie au diamant de carbone-14, développée par des chercheurs anglais. Leur concept pourrait transformer complètement la façon dont nous utilisons l’é…",Olivier,et si vos appareils fonctionnaient pendant de milliers années sans recharge c est l idée derrière la batterie au diamant de développée par de chercheurs anglais leur concept pourrait transformer complètement la façon dont nous utilisons l,une batteri au diamant qui pourrait durer de millénair
Manifestation chez les comédiens de doublage : la VF menacée par l’IA ?,Les comédiens de doublage se rassemblent pour interpeller les politiques et sensibiliser le public à l'utilisation de l'intelligence artificielle dans le milieu de la voix. Ils appellent l'État à réguler cette technologie.,Arthur Rafié,le comédiens de doublage se rassemblent pour interpeller le politiques et sensibiliser le public à de artificielle dans le milieu de la voix il appellent à réguler cette technologie,manifest chez le comédien de doublag la vf menacé par l ia
Comment Mercedes pourrait augmenter l’autonomie de ses voitures électriques de 20 000 km par an « gratuitement »,"Le constructeur allemand Mercedes vient de dévoiler une technologie surprenante, prenant la forme d’une peinture solaire. Appliquée sur une voiture électrique, elle permettrait de parcourir jusqu’à 20 000 kilomètres par an sans se recharger.",Marie Lizak,le constructeur allemand mercedes vient de dévoiler une technologie surprenante prenant la forme une peinture solaire appliquée sur une voiture électrique elle permettrait de parcourir jusqu à 20 000 kilomètres par sans se recharger,comment merced pourrait augment l autonomi de se voitur électriqu de 20 000 km par gratuit
"« 299 » : en une phrase, PlayStation a révolutionné le jeu vidéo","La Sony PlayStation fête ses 30 ans au Japon, le pays qui a vu naitre la console de jeu. Un prix cassé, une nouvelle technologie et un nouveau public cible ont permis à Sony de s'imposer face à Nintendo.",Cassim Montilla,la sony playstation fête s 30 an au japon le pay qui vu naitre la console de jeu un prix cassé une nouvelle technologie et un nouveau public cible ont permis à sony de face à nintendo,299 en une phrase playstat révolutionné le jeu vidéo
Nintendo lance de nouveaux écouteurs sans fil aux couleurs de Tetris,"Nintendo surprend une fois de plus ses fans avec le lancement d'écouteurs sans fil inspirés de l'univers Tetris. Ce nouveau produit, développé en partenariat avec OTL Technologies, marie habilement nostalgie vidéoludique et technologie audio moderne.",William Zimmer,nintendo surprend une fois de plus s fan avec le lancement sans fil inspirés de tetri ce nouveau produit développé en partenariat avec otl technology marie habilement nostalgie vidéoludique et technologie audio moderne,nintendo lanc de nouveaux écouteur san fil aux couleur de tetri
Philips 55OLED759 : ce téléviseur 4K avec de la lumière dynamique est à -40 % pour la Black Friday Week,"Pour la Black Friday Week chez Carrefour, vous retrouvez le Philips 55OLED759, un TV 4K équipé de la technologie Ambilight en promo à 999 euros au lieu de 1 599 euros.",Benjamin Barois,pour la black friday week chez carrefour vous retrouvez le philip 55oled759 un tv 4k équipé de la technologie ambilight en promo à 999 euro au lieu de 1 599 euro,philip 55oled759 ce téléviseur 4k avec de la lumièr dynamiqu est à pour la black friday week
Fini les recherches à la truelle : voici comment Google Gemini va corriger vos requêtes bancales,"Google continue d'intégrer l'intelligence artificielle dans l'ensemble de ses produits. Après avoir doté Gemini de la capacité de résumer les dossiers Drive, le géant de la technologie expérimente maintenant une nouvelle fonctionnalité de suggestions IA dans …",William Zimmer,google continue artificielle dans de s produits après avoir doté gemini de la capacité de résumer le dossier drive le géant de la technologie expérimente maintenant une nouvelle fonctionnalité de suggestion ia dans,fini le recherch à la truell voici comment googl gemini va corrig vo requêt bancal
INMO AIR 3 : ces lunettes de réalité augmentée sont révolutionnaires,La firme chinoise INMO vient de présenter les premières lunettes AR autonomes au monde dotées de nouveaux écrans micro-OLED Sony en couleur.,Thomas Estimbre,la firme chinoise inmo vient de présenter le premières lunette ar autonomes au monde dotées de nouveaux écrans sony en couleur,inmo air 3 ce lunett de réalité augmenté sont révolutionnair
Black Friday : 6 pépites à ne pas manquer chez Boulanger ,"Le Black Friday 2024 bat son plein, offrant une multitude d'opportunités pour réaliser des économies substantielles sur vos achats. Cette année, l'événement a officiellement débuté aujourd'hui, le vendredi 29 novembre, mais de nombreux commerçants ont lancé l…",Journal du Geek,le black friday 2024 bat son plein offrant une multitude pour réaliser de économies substantielles sur vos achats cette année officiellement débuté le vendredi 29 novembre mais de nombreux commerçants ont lancé,black friday 6 pépite à ne pa manquer chez boulang
Actualité : CES 2025 – Dell veut révolutionner le refroidissement des PC portables,"Dell devrait présenter au CES un nouveau système de refroidissement sans ventilateur pour ses PC portables. Contrairement au AirJet de Frore System, le système ne fait pas vibrer l’air, mais l’ionise pour le déplacer.",Guillaume Henri,dell devrait présenter au ce un nouveau système de refroidissement sans ventilateur pour s pc portable contrairement au airjet de frore system le système ne fait pa vibrer l air mais l ionise pour le déplacer,actualité ce 2025 dell veut révolutionn le refroidiss de pc portabl
"Qui est Mago, la startup d’IA qui veut révolutionner le monde de la vidéo ?",Sa promesse : styliser n’importe quel type de vidéo dans n’importe quelle esthétique.,Mathilde Rochefort,sa promesse styliser n importe quel type de vidéo dans n importe quelle esthétique,qui est mago la startup ia qui veut révolutionn le mond de la vidéo
"Actualité : Google dévoile Willow, sa nouvelle puce quantique","Ce lundi 9 décembre, Google a dévoilé Willow, sa nouvelle puce quantique capable d'effectuer en quelques minutes des opérations que certains des plus puissants ordinateurs pourraient mettre des milliards d'années à calculer.",Benoit Bayle,ce lundi 9 décembre google dévoilé willow sa nouvelle puce quantique capable en quelques minute de opérations que certains de plus puissants ordinateurs pourraient mettre de milliard à calculer,actualité googl dévoil willow sa nouvel puce quantiqu
Comprendre l’informatique distribuée : la technologie qui fait tourner le web moderne,"À chaque clic ou à chaque recherche web, votre requête mobilise non pas un seul ordinateur, mais des dizaines, parfois des centaines de machines qui collaborent en temps réel. Cette approche, baptisée informatique distribuée, constitue le socle technologique …",Camille Coirault,à chaque clic ou à chaque recherche web votre requête mobilise non pa un seul ordinateur mais de dizaines parfois de centaines de machine qui collaborent en temp réel cette approche baptisée informatique distribuée constitue le socle technologique,comprendr l informatiqu distribué la technologi qui fait tourner le web modern
Top 3 des aspirateurs premium Dyson remisés pour Black Friday,"Pour le Black Friday, Dyson lève le voile sur des promotions exceptionnelles. Découvrez notre sélection des offres à saisir d’urgence.",Presse-citron,pour le black friday dyson lève le voile sur de promotion exceptionnelles découvrez notre sélection de offres à saisir urgence,top 3 de aspirateur premium dyson remisé pour black friday
La startup de Sam Altman (ChatGPT) cartonne grâce au nucléaire… et à l’IA,Son entreprise vient de signer un accord majeur.,Jean-Yves Alric,son entreprise vient de signer un accord majeur,la startup de sam altman chatgpt cartonn grâce au et à l ia
Cette IA météo de Google écrase la concurrence : une révolution pour les prévisions,Une innovation impressionnante de la part de Google.,Jean-Yves Alric,une innovation impressionnante de la part de google,cett ia météo de googl écrase la concurr une révolut pour le prévision
Voitures électriques : Mercedes vient de présenter un système de freins éternels révolutionnaires,Mercedes-Benz révolutionne le système de freinage des voitures électriques avec une innovation majeure. Une avancée technologique pourrait marquer un tournant décisif dans l’industrie automobile.,Robin Sabbadini,révolutionne le système de freinage de voitures électriques avec une innovation majeure une avancée technologique pourrait marquer un tournant décisif dans l industrie automobile,voitur électriqu merced vient de présenter un systèm de frein éternel révolutionnair
"AMD Radeon RX 8000 / RDNA 4 : puissance, technologie, prix, date de sortie… tout ce qu’on sait sur les prochaines cartes graphiques de AMD","AMD prépare son retour sur le marché des cartes graphiques en 2025 avec son architecture RDNA 4. On s'attend à de nombreuses nouveautés côté performance, ray tracing, mais aussi IA. Nous avons regroupé toutes les fuites et rumeurs les plus plausibles sur ces …",Hugo Clery,amd prépare son retour sur le marché de carte graphiques en 2025 avec son architecture rdna à de nombreuses nouveautés côté performance ray tracing mais aussi ia nous avon regroupé toutes le fuites et rumeurs le plus plausibles sur ce,amd radeon rx 8000 rdna 4 puissanc technologi prix date de tout ce qu sait sur le prochain cart graphiqu de amd
"Black Friday : Jusqu’à 50% de réduction sur la gamme soundcore, pour profiter du meilleur son au meilleur prix","C’est le moment parfait pour les amateurs de musique et de technologie : à l’occasion du Black Friday, Anker propose jusqu’à 50% de remise sur la gamme soundcore. Avec des prix défiants toute concurrence et un son de qualité, vous trouverez forcément de quoi …",Lou-Anne MOREL,c est le moment parfait pour le amateur de musique et de technologie à l occasion du black friday anker propose jusqu à 50 de remise sur la gamme soundcore avec de prix défiants toute concurrence et un son de qualité vous trouverez forcément de quoi,black friday jusqu à 50 de réduction sur la gamm soundcor pour profit du meilleur son au meilleur prix
"Amazon investit à nouveau 4 milliards de dollars dans Anthropic, le concurrent d’OpenAI","Amazon a officialisé un nouvel investissement de 4 milliards de dollars dans Anthropic, la startup qui défie le créateur de ChatGPT.",Setra,amazon officialisé un nouvel investissement de 4 milliard de dollar dans anthropic la startup qui défie le créateur de chatgpt,amazon investit à nouveau 4 milliard de dollar dan anthrop le concurr openai
Stellantis mise sur des batteries 2 fois moins chères et plus rapides à recharger,"Stellantis officialise un partenariat avec la société Zeta Energy qui lui permettra d’utiliser des batteries lithium-soufre d’ici 2030. Ces batteries seront plus légères, moins chères et plus rapides à recharger.",Setra,stellantis officialise un partenariat avec la société zeta energy qui lui permettra utiliser de battery ici ce battery seront plus légères moins chères et plus rapides à recharger,stellanti mise sur de batteri 2 foi moin chère et plu rapid à recharg
Google présente un nouveau générateur de vidéos qui défie Sora : qui peut y accéder ?,"Google lance un nouveau modèle de génération de vidéo baptisé Veo 2. Celui-ci serait de meilleure qualité que les modèles concurrents, et il est capable de créer des vidéos de plusieurs minutes en résolution 4K.",Setra,google lance un nouveau modèle de génération de vidéo baptisé veo serait de meilleure qualité que le modèles concurrents et il est capable de créer de vidéos de plusieurs minute en résolution 4k,googl présent un nouveau générateur de vidéo qui défie sora qui peut accéder
Duel : AirPods 4 ANC vs AirPods 4 : les clones d'Apple entrent en guerre !,"Avec les AirPods 4 ANC, Apple a enfin décidé d’octroyer un système de réduction du bruit à ses célèbres écouteurs sans-fil ouverts. L’intégration de cette fameuse technologie suffirait-elle donc à les rendre plus attractifs que les AirPods 4 classiques ? Que …",Arthur Letang,avec le airpods 4 anc apple enfin décidé octroyer un système de réduction du bruit à s célèbres écouteurs ouverts l intégration de cette fameuse technologie donc à le rendre plus attractifs que le airpods 4 classiques que,duel airpod 4 anc vs airpod 4 le clone entrent en guerr
Le Galaxy S25 pourrait devenir un véritable smartphone gaming grâce à cette nouveauté,Samsung se préparerait à faire du Galaxy S25 un excellent smartphone pour le jeu vidéo grâce à une nouvelle fonctionnalité. De quoi révolutionner le gaming sur mobile ? Peut-être bien.,William Zimmer,samsung se préparerait à faire du galaxy s25 un excellent smartphone pour le jeu vidéo grâce à une nouvelle fonctionnalité de quoi révolutionner le gaming sur mobile bien,le galaxi s25 pourrait devenir un véritabl smartphon game grâce à cett nouveauté
"Actualité : Après les iPad Pro, l’iPad mini d'Apple s’apprête à goûter aux écrans Oled","Alors que la technologie est reine chez les iPhone et Apple Watch, l’Oled s’apprête à faire une percée après les iPad Pro M4 sur les iPad mini et Air ou encore les MacBook Pro et Air au cours des prochaines années. Voici les plans d’Apple !",Alexandre Scotti,alors que la technologie est reine chez le iphone et apple watch l oled apprête à faire une percée après le ipad pro m4 sur le ipad mini et air ou encore le macbook pro et air au cours de prochaines années voici le plan apple,actualité aprè le ipad pro l ipad mini apprêt à goûter aux écran ole
"Actualité : Top produit – La carte graphique Nvidia GeForce RTX 4060 KFA2 à 278,99 €","La carte graphique Nvidia GeForce RTX 4060 KFA2 s'affiche aujourd'hui à 278,99 € chez Top Achat.",Rick,la carte graphique nvidia geforce rtx 4060 kfa2 à chez top achat,actualité top produit la cart graphiqu nvidia geforc rtx 4060 kfa2 à
Adobe supprime enfin les reflets sur vos photos,"Photographes amateurs et professionnels, soyez joie car Adobe vient de dévoiler une technologie qui va résoudre l’un des casse-têtes les plus frustrants de la photographie : les reflets dans les vitres. Plus besoin de vous casser la tête sur Photoshop à tente…",Korben,photographes amateur et professionnels soyez joie car adobe vient de dévoiler une technologie qui va résoudre l un de le plus frustrants de la photographie le reflets dans le vitres plus besoin de vous casser la tête sur photoshop à,adob supprim enfin le reflet sur vo photo
"Actualité : Bon plan – Le casque vélo Bontrager Starvos Wavecel Jaune ""5 étoiles"" à 59,88 € (-17%)",Le casque vélo Bontrager Starvos Wavecel Jaune passe sous les 60 € chez Alltricks soit une baisse d'environ 17% sur le prix habituellement constaté. C'est actuellement l'un des meilleurs produit de notre comparatif.,Rick,le casque vélo bontrager starvos wavecel jaune passe sou le 60 chez alltricks soit une baisse 17 sur le prix habituellement constaté actuellement de meilleurs produit de notre comparatif,actualité bon plan le casqu vélo bontrag starvo wavecel jaun 5 étoil à
"Actualité : Bon plan – Le casque vélo Bontrager Starvos Wavecel Jaune ""5 étoiles"" à 59,88 € (-17%)",Le casque vélo Bontrager Starvos Wavecel Jaune passe sous les 60 € chez Alltricks soit une baisse d'environ 17% sur le prix habituellement constaté. C'est actuellement l'un des meilleurs produit de notre comparatif.,Rick,le casque vélo bontrager starvos wavecel jaune passe sou le 60 chez alltricks soit une baisse 17 sur le prix habituellement constaté actuellement de meilleurs produit de notre comparatif,actualité bon plan le casqu vélo bontrag starvo wavecel jaun 5 étoil à
"Actualité : Bon plan – Le téléviseur LG 65G3 ""5 étoiles"" à 1 290,00 € (-28%)",Le téléviseur LG 65G3 passe sous les 1300 € chez Fnac.com soit une baisse d'environ 28% sur le prix habituellement constaté. C'est actuellement le meilleur produit de notre comparatif.,Rick,le téléviseur lg 65g3 passe sou le 1300 chez soit une baisse 28 sur le prix habituellement constaté actuellement le meilleur produit de notre comparatif,actualité bon plan le téléviseur lg 65g3 5 étoil à 1
"Actualité : Black Friday 2024 – Le téléviseur Philips 65OLED909 ""5 étoiles"" à 2 290,00 € (-14%)",Le téléviseur Philips 65OLED909 passe sous les 2300 € chez Son-Video.com soit une baisse d'environ 14% sur le prix habituellement constaté.,Rick,le téléviseur philip 65oled909 passe sou le 2300 chez soit une baisse 14 sur le prix habituellement constaté,actualité black friday 2024 le téléviseur philip 65oled909 5 étoil à 2
Actualité : iPhone 17 : Apple pourrait bien placer Face ID sous l’écran,"Face ID sous l’écran des iPhone, c’est une rumeur que l’on entend depuis un moment. À en croire un média spécialisé Apple, le projet pourrait bien aboutir en 2025 avec les iPhone 17, potentiellement sur les modèles Pro Max ou Air.",Alexandre Scotti,face id sou l écran de iphone c est une rumeur que l entend depuis un moment à en croire un média spécialisé apple le projet pourrait bien aboutir en 2025 avec le iphone 17 potentiellement sur le modèles pro max ou air,actualité iphon 17 appl pourrait bien placer face id sou l écran
Live Black Friday : vous avez des chances de gagner un aspirateur Roborock !,Préparez-vous à vivre un Black Friday phénoménal rempli de cadeaux à l’occasion de notre Live shopping inédit en partenariat avec 4 marques très appréciées.,Partenaire,à vivre un black friday phénoménal rempli de cadeaux à l occasion de notre live shopping inédit en partenariat avec 4 marque très appréciées,live black friday vou avez de chanc de gagner un aspirateur roborock
Liseuses : quel modèle choisir en 2025 ?,"Vous voulez vous (re)mettre à la lecture sans encombrer votre bibliothèque d'épais volumes de papier ? Voici notre sélection de liseuses, pour tous les profils et tous les budgets.",Amandine Jonniaux,vous voulez vous mettre à la lecture sans encombrer votre bibliothèque volume de papier voici notre sélection de liseuses pour tous le profils et tous le budget,liseus quel modèl choisir en 2025
"Actualité : Black Friday 2024 – Le téléviseur Philips 65OLED909 ""5 étoiles"" à 2 290,00 € (-11%)","Le téléviseur Philips 65OLED909 passe sous les 2300 € chez Boulanger.com, Son-Video.com et Cobra soit une baisse d'environ 11% sur le prix habituellement constaté.",Rick,le téléviseur philip 65oled909 passe sou le 2300 chez et cobra soit une baisse 11 sur le prix habituellement constaté,actualité black friday 2024 le téléviseur philip 65oled909 5 étoil à 2
"Actualité : Pour son écran pliable en trois parties, Samsung pourrait intégrer une batterie d'un tout nouveau genre","Pour offrir une meilleure batterie à ses modèles pliables, Samsung travaillerait sur une batterie elle-même pliable. C'est du moins ce que révèle un brevet déposé par le géant sud-coréen.",Benoit Bayle,pour offrir une meilleure batterie à s modèles pliables samsung travaillerait sur une batterie pliable du moins ce que révèle un brevet déposé par le géant,actualité pour son écran pliabl en troi parti samsung pourrait intégrer une batteri tout nouveau genr
"Actualité : En 2025, pour ses TV LG va jouer à fond la carte QNED en s'inspirant de ses gammes Oled","Si LG n'abandonne pas (encore ?) l'OLED pour ses téléviseurs, son haut de gamme passera également en 2025 par du LCD sérieusement boosté.",Antoine Roche,si lg pa encore pour s téléviseurs son haut de gamme passera également en 2025 par du lcd sérieusement boosté,actualité en 2025 pour se tv lg va jouer à fond la cart qned en de se gamm ole
